id,path,dAvg,dMax,dMin,n,wAvg,wMax,wMin
n100w20.001.txt,instances/Dumas.zip!Dumas/n100w20.001.txt,25.41029702970297,62.0,0.0,101.0,27.782178217821784,835.0,3.0
n100w20.002.txt,instances/Dumas.zip!Dumas/n100w20.002.txt,25.671287128712873,63.0,0.0,101.0,28.792079207920793,814.0,1.0
n100w20.003.txt,instances/Dumas.zip!Dumas/n100w20.003.txt,25.363762376237624,59.0,0.0,101.0,27.693069306930692,840.0,3.0
n100w20.004.txt,instances/Dumas.zip!Dumas/n100w20.004.txt,24.24118811881188,65.0,0.0,101.0,28.99009900990099,836.0,4.0
n100w20.005.txt,instances/Dumas.zip!Dumas/n100w20.005.txt,25.49148514851485,62.0,0.0,101.0,28.84158415841584,842.0,1.0
n100w40.001.txt,instances/Dumas.zip!Dumas/n100w40.001.txt,24.75841584158416,62.0,0.0,101.0,44.46534653465346,862.0,5.0
n100w40.002.txt,instances/Dumas.zip!Dumas/n100w40.002.txt,24.752871287128713,56.0,0.0,101.0,47.28712871287129,820.0,8.0
n100w40.003.txt,instances/Dumas.zip!Dumas/n100w40.003.txt,24.28138613861386,59.0,0.0,101.0,48.12871287128713,883.0,9.0
n100w40.004.txt,instances/Dumas.zip!Dumas/n100w40.004.txt,25.36059405940594,60.0,1.0,101.0,46.98019801980198,819.0,9.0
n100w40.005.txt,instances/Dumas.zip!Dumas/n100w40.005.txt,25.476831683168317,65.0,0.0,101.0,47.603960396039604,883.0,1.0
n100w60.001.txt,instances/Dumas.zip!Dumas/n100w60.001.txt,23.844554455445543,58.0,0.0,101.0,67.77227722772277,862.0,15.0
n100w60.002.txt,instances/Dumas.zip!Dumas/n100w60.002.txt,25.035247524752474,59.0,0.0,101.0,67.54455445544555,809.0,18.0
n100w60.003.txt,instances/Dumas.zip!Dumas/n100w60.003.txt,25.181188118811882,60.0,0.0,101.0,67.0990099009901,884.0,15.0
n100w60.004.txt,instances/Dumas.zip!Dumas/n100w60.004.txt,23.905544554455446,61.0,0.0,101.0,70.88118811881188,878.0,4.0
n100w60.005.txt,instances/Dumas.zip!Dumas/n100w60.005.txt,24.81188118811881,63.0,0.0,101.0,64.22772277227723,850.0,8.0
n150w20.001.txt,instances/Dumas.zip!Dumas/n150w20.001.txt,24.66728476821192,63.0,0.0,151.0,27.132450331125828,1039.0,2.0
n150w20.002.txt,instances/Dumas.zip!Dumas/n150w20.002.txt,25.007593818984546,61.0,0.0,151.0,25.29801324503311,981.0,2.0
n150w20.003.txt,instances/Dumas.zip!Dumas/n150w20.003.txt,24.605209713024284,59.0,0.0,151.0,25.807947019867548,983.0,2.0
n150w20.004.txt,instances/Dumas.zip!Dumas/n150w20.004.txt,25.648388520971302,63.0,0.0,151.0,25.09933774834437,988.0,1.0
n150w20.005.txt,instances/Dumas.zip!Dumas/n150w20.005.txt,25.091743929359822,61.0,0.0,151.0,25.887417218543046,959.0,1.0
n150w40.001.txt,instances/Dumas.zip!Dumas/n150w40.001.txt,23.52176600441501,63.0,0.0,151.0,46.24503311258278,1100.0,5.0
n150w40.002.txt,instances/Dumas.zip!Dumas/n150w40.002.txt,25.519116997792494,62.0,0.0,151.0,44.324503311258276,1098.0,3.0
n150w40.003.txt,instances/Dumas.zip!Dumas/n150w40.003.txt,25.636203090507728,61.0,0.0,151.0,46.4635761589404,928.0,4.0
n150w40.004.txt,instances/Dumas.zip!Dumas/n150w40.004.txt,24.61139072847682,59.0,0.0,151.0,45.609271523178805,992.0,3.0
n150w40.005.txt,instances/Dumas.zip!Dumas/n150w40.005.txt,24.78233995584989,62.0,0.0,151.0,46.384105960264904,993.0,4.0
n150w60.001.txt,instances/Dumas.zip!Dumas/n150w60.001.txt,24.669933774834437,60.0,0.0,151.0,65.68211920529801,1087.0,3.0
n150w60.002.txt,instances/Dumas.zip!Dumas/n150w60.002.txt,24.16847682119205,62.0,0.0,151.0,62.57615894039735,983.0,9.0
n150w60.003.txt,instances/Dumas.zip!Dumas/n150w60.003.txt,25.30887417218543,61.0,0.0,151.0,62.83443708609271,1063.0,2.0
n150w60.004.txt,instances/Dumas.zip!Dumas/n150w60.004.txt,24.621898454746137,63.0,0.0,151.0,64.44370860927152,1063.0,10.0
n150w60.005.txt,instances/Dumas.zip!Dumas/n150w60.005.txt,25.710640176600442,64.0,0.0,151.0,61.788079470198674,1065.0,3.0
n200w20.001.txt,instances/Dumas.zip!Dumas/n200w20.001.txt,24.510398009950247,60.0,0.0,201.0,25.786069651741293,1154.0,2.0
n200w20.002.txt,instances/Dumas.zip!Dumas/n200w20.002.txt,24.568308457711442,64.0,0.0,201.0,25.601990049751244,1139.0,1.0
n200w20.003.txt,instances/Dumas.zip!Dumas/n200w20.003.txt,25.45507462686567,62.0,0.0,201.0,25.55223880597015,1186.0,2.0
n200w20.004.txt,instances/Dumas.zip!Dumas/n200w20.004.txt,24.73189054726368,60.0,0.0,201.0,25.746268656716417,1142.0,2.0
n200w20.005.txt,instances/Dumas.zip!Dumas/n200w20.005.txt,24.713930348258707,62.0,0.0,201.0,25.81592039800995,1141.0,0.0
n200w40.001.txt,instances/Dumas.zip!Dumas/n200w40.001.txt,25.05144278606965,65.0,0.0,201.0,46.01990049751244,1231.0,1.0
n200w40.002.txt,instances/Dumas.zip!Dumas/n200w40.002.txt,23.796268656716418,62.0,0.0,201.0,45.308457711442784,1172.0,3.0
n200w40.003.txt,instances/Dumas.zip!Dumas/n200w40.003.txt,24.767611940298508,64.0,0.0,201.0,45.81094527363184,1185.0,6.0
n200w40.004.txt,instances/Dumas.zip!Dumas/n200w40.004.txt,23.65223880597015,59.0,0.0,201.0,46.159203980099505,1183.0,5.0
n200w40.005.txt,instances/Dumas.zip!Dumas/n200w40.005.txt,24.76422885572139,63.0,0.0,201.0,46.25870646766169,1187.0,4.0
n20w100.001.txt,instances/Dumas.zip!Dumas/n20w100.001.txt,23.723809523809525,54.0,2.0,21.0,111.19047619047619,405.0,25.0
n20w100.002.txt,instances/Dumas.zip!Dumas/n20w100.002.txt,23.152380952380952,49.0,1.0,21.0,110.71428571428571,346.0,48.0
n20w100.003.txt,instances/Dumas.zip!Dumas/n20w100.003.txt,24.18095238095238,56.0,2.0,21.0,108.33333333333333,444.0,21.0
n20w100.004.txt,instances/Dumas.zip!Dumas/n20w100.004.txt,27.438095238095237,63.0,2.0,21.0,115.76190476190476,468.0,46.0
n20w100.005.txt,instances/Dumas.zip!Dumas/n20w100.005.txt,24.71904761904762,54.0,3.0,21.0,111.19047619047619,372.0,37.0
n20w20.001.txt,instances/Dumas.zip!Dumas/n20w20.001.txt,22.70952380952381,57.0,2.0,21.0,35.38095238095238,408.0,3.0
n20w20.002.txt,instances/Dumas.zip!Dumas/n20w20.002.txt,21.442857142857143,49.0,1.0,21.0,35.904761904761905,318.0,6.0
n20w20.003.txt,instances/Dumas.zip!Dumas/n20w20.003.txt,27.557142857142857,65.0,2.0,21.0,40.38095238095238,417.0,6.0
n20w20.004.txt,instances/Dumas.zip!Dumas/n20w20.004.txt,25.70952380952381,57.0,2.0,21.0,38.666666666666664,408.0,4.0
n20w20.005.txt,instances/Dumas.zip!Dumas/n20w20.005.txt,24.033333333333335,60.0,1.0,21.0,35.57142857142857,375.0,10.0
n20w40.001.txt,instances/Dumas.zip!Dumas/n20w40.001.txt,21.63809523809524,52.0,2.0,21.0,50.142857142857146,295.0,3.0
n20w40.002.txt,instances/Dumas.zip!Dumas/n20w40.002.txt,24.9,49.0,2.0,21.0,49.57142857142857,386.0,8.0
n20w40.003.txt,instances/Dumas.zip!Dumas/n20w40.003.txt,26.409523809523808,59.0,1.0,21.0,53.333333333333336,372.0,9.0
n20w40.004.txt,instances/Dumas.zip!Dumas/n20w40.004.txt,24.976190476190474,58.0,2.0,21.0,56.0,407.0,9.0
n20w40.005.txt,instances/Dumas.zip!Dumas/n20w40.005.txt,26.461904761904762,62.0,1.0,21.0,47.76190476190476,334.0,6.0
n20w60.001.txt,instances/Dumas.zip!Dumas/n20w60.001.txt,25.590476190476192,54.0,2.0,21.0,81.47619047619048,436.0,22.0
n20w60.002.txt,instances/Dumas.zip!Dumas/n20w60.002.txt,25.69047619047619,50.0,2.0,21.0,60.476190476190474,321.0,6.0
n20w60.003.txt,instances/Dumas.zip!Dumas/n20w60.003.txt,27.066666666666666,54.0,1.0,21.0,64.38095238095238,406.0,16.0
n20w60.004.txt,instances/Dumas.zip!Dumas/n20w60.004.txt,22.3,48.0,1.0,21.0,77.47619047619048,376.0,20.0
n20w60.005.txt,instances/Dumas.zip!Dumas/n20w60.005.txt,26.823809523809523,56.0,2.0,21.0,80.0952380952381,446.0,20.0
n20w80.001.txt,instances/Dumas.zip!Dumas/n20w80.001.txt,27.752380952380953,55.0,1.0,21.0,89.42857142857143,441.0,13.0
n20w80.002.txt,instances/Dumas.zip!Dumas/n20w80.002.txt,27.857142857142858,58.0,1.0,21.0,98.95238095238095,444.0,13.0
n20w80.003.txt,instances/Dumas.zip!Dumas/n20w80.003.txt,25.2,51.0,2.0,21.0,92.57142857142857,427.0,8.0
n20w80.004.txt,instances/Dumas.zip!Dumas/n20w80.004.txt,24.004761904761907,52.0,2.0,21.0,83.52380952380952,433.0,26.0
n20w80.005.txt,instances/Dumas.zip!Dumas/n20w80.005.txt,23.266666666666666,51.0,1.0,21.0,98.38095238095238,351.0,17.0
n40w100.001.txt,instances/Dumas.zip!Dumas/n40w100.001.txt,25.213414634146343,57.0,0.0,41.0,111.46341463414635,582.0,39.0
n40w100.002.txt,instances/Dumas.zip!Dumas/n40w100.002.txt,24.65731707317073,61.0,0.0,41.0,111.09756097560975,499.0,6.0
n40w100.003.txt,instances/Dumas.zip!Dumas/n40w100.003.txt,25.43780487804878,59.0,0.0,41.0,100.85365853658537,583.0,21.0
n40w100.004.txt,instances/Dumas.zip!Dumas/n40w100.004.txt,25.786585365853657,58.0,1.0,41.0,103.04878048780488,555.0,7.0
n40w100.005.txt,instances/Dumas.zip!Dumas/n40w100.005.txt,24.036585365853657,50.0,1.0,41.0,101.6829268292683,536.0,19.0
n40w20.001.txt,instances/Dumas.zip!Dumas/n40w20.001.txt,29.146341463414632,60.0,0.0,41.0,33.58536585365854,547.0,6.0
n40w20.002.txt,instances/Dumas.zip!Dumas/n40w20.002.txt,25.584146341463416,56.0,1.0,41.0,36.926829268292686,612.0,4.0
n40w20.003.txt,instances/Dumas.zip!Dumas/n40w20.003.txt,25.71951219512195,65.0,1.0,41.0,32.58536585365854,528.0,4.0
n40w20.004.txt,instances/Dumas.zip!Dumas/n40w20.004.txt,25.28780487804878,61.0,1.0,41.0,30.51219512195122,455.0,2.0
n40w20.005.txt,instances/Dumas.zip!Dumas/n40w20.005.txt,27.858536585365854,63.0,1.0,41.0,33.34146341463415,539.0,3.0
n40w40.001.txt,instances/Dumas.zip!Dumas/n40w40.001.txt,26.775609756097563,59.0,1.0,41.0,49.68292682926829,540.0,6.0
n40w40.002.txt,instances/Dumas.zip!Dumas/n40w40.002.txt,25.258536585365853,55.0,1.0,41.0,51.73170731707317,550.0,9.0
n40w40.003.txt,instances/Dumas.zip!Dumas/n40w40.003.txt,26.53780487804878,60.0,0.0,41.0,49.19512195121951,563.0,4.0
n40w40.004.txt,instances/Dumas.zip!Dumas/n40w40.004.txt,23.369512195121953,50.0,1.0,41.0,50.41463414634146,525.0,3.0
n40w40.005.txt,instances/Dumas.zip!Dumas/n40w40.005.txt,24.70731707317073,56.0,1.0,41.0,53.951219512195124,520.0,18.0
n40w60.001.txt,instances/Dumas.zip!Dumas/n40w60.001.txt,24.828048780487805,59.0,1.0,41.0,71.7560975609756,608.0,9.0
n40w60.002.txt,instances/Dumas.zip!Dumas/n40w60.002.txt,25.774390243902438,61.0,1.0,41.0,69.46341463414635,538.0,6.0
n40w60.003.txt,instances/Dumas.zip!Dumas/n40w60.003.txt,25.29390243902439,58.0,0.0,41.0,65.70731707317073,520.0,5.0
n40w60.004.txt,instances/Dumas.zip!Dumas/n40w60.004.txt,21.60487804878049,55.0,1.0,41.0,71.34146341463415,509.0,18.0
n40w60.005.txt,instances/Dumas.zip!Dumas/n40w60.005.txt,24.79390243902439,53.0,1.0,41.0,64.90243902439025,508.0,7.0
n40w80.001.txt,instances/Dumas.zip!Dumas/n40w80.001.txt,25.40487804878049,57.0,1.0,41.0,85.46341463414635,562.0,11.0
n40w80.002.txt,instances/Dumas.zip!Dumas/n40w80.002.txt,25.267073170731706,58.0,0.0,41.0,95.09756097560975,572.0,23.0
n40w80.003.txt,instances/Dumas.zip!Dumas/n40w80.003.txt,26.779268292682925,60.0,0.0,41.0,82.04878048780488,573.0,6.0
n40w80.004.txt,instances/Dumas.zip!Dumas/n40w80.004.txt,27.220731707317075,58.0,1.0,41.0,80.4390243902439,549.0,29.0
n40w80.005.txt,instances/Dumas.zip!Dumas/n40w80.005.txt,26.45,58.0,1.0,41.0,103.2439024390244,577.0,13.0
n60w100.001.txt,instances/Dumas.zip!Dumas/n60w100.001.txt,25.17704918032787,60.0,1.0,61.0,101.80327868852459,586.0,18.0
n60w100.002.txt,instances/Dumas.zip!Dumas/n60w100.002.txt,26.65573770491803,63.0,0.0,61.0,97.45901639344262,735.0,20.0
n60w100.003.txt,instances/Dumas.zip!Dumas/n60w100.003.txt,24.73934426229508,54.0,0.0,61.0,108.9672131147541,651.0,33.0
n60w100.004.txt,instances/Dumas.zip!Dumas/n60w100.004.txt,25.55191256830601,57.0,1.0,61.0,104.27868852459017,752.0,5.0
n60w100.005.txt,instances/Dumas.zip!Dumas/n60w100.005.txt,25.17978142076503,58.0,0.0,61.0,112.54098360655738,715.0,11.0
n60w20.001.txt,instances/Dumas.zip!Dumas/n60w20.001.txt,24.737704918032787,62.0,1.0,61.0,28.80327868852459,601.0,3.0
n60w20.002.txt,instances/Dumas.zip!Dumas/n60w20.002.txt,26.5224043715847,61.0,0.0,61.0,30.62295081967213,673.0,2.0
n60w20.003.txt,instances/Dumas.zip!Dumas/n60w20.003.txt,25.105464480874318,61.0,0.0,61.0,29.950819672131146,606.0,4.0
n60w20.004.txt,instances/Dumas.zip!Dumas/n60w20.004.txt,26.990163934426228,60.0,1.0,61.0,30.62295081967213,684.0,2.0
n60w20.005.txt,instances/Dumas.zip!Dumas/n60w20.005.txt,26.85136612021858,64.0,0.0,61.0,29.42622950819672,638.0,4.0
n60w40.001.txt,instances/Dumas.zip!Dumas/n60w40.001.txt,26.404371584699454,62.0,0.0,61.0,46.77049180327869,685.0,3.0
n60w40.002.txt,instances/Dumas.zip!Dumas/n60w40.002.txt,26.220765027322404,63.0,1.0,61.0,51.78688524590164,721.0,6.0
n60w40.003.txt,instances/Dumas.zip!Dumas/n60w40.003.txt,25.866666666666667,62.0,1.0,61.0,50.9344262295082,719.0,7.0
n60w40.004.txt,instances/Dumas.zip!Dumas/n60w40.004.txt,24.647540983606557,59.0,1.0,61.0,49.90163934426229,643.0,8.0
n60w40.005.txt,instances/Dumas.zip!Dumas/n60w40.005.txt,24.67103825136612,60.0,1.0,61.0,45.80327868852459,643.0,6.0
n60w60.001.txt,instances/Dumas.zip!Dumas/n60w60.001.txt,25.22622950819672,65.0,1.0,61.0,65.73770491803279,748.0,3.0
n60w60.002.txt,instances/Dumas.zip!Dumas/n60w60.002.txt,27.295081967213115,66.0,1.0,61.0,70.09836065573771,759.0,10.0
n60w60.003.txt,instances/Dumas.zip!Dumas/n60w60.003.txt,25.301639344262295,62.0,1.0,61.0,72.08196721311475,687.0,9.0
n60w60.004.txt,instances/Dumas.zip!Dumas/n60w60.004.txt,28.191803278688525,61.0,1.0,61.0,66.75409836065573,684.0,3.0
n60w60.005.txt,instances/Dumas.zip!Dumas/n60w60.005.txt,26.003278688524592,61.0,0.0,61.0,65.32786885245902,697.0,2.0
n60w80.001.txt,instances/Dumas.zip!Dumas/n60w80.001.txt,27.39071038251366,64.0,0.0,61.0,90.0,694.0,6.0
n60w80.002.txt,instances/Dumas.zip!Dumas/n60w80.002.txt,26.360655737704917,59.0,1.0,61.0,91.45901639344262,647.0,23.0
n60w80.003.txt,instances/Dumas.zip!Dumas/n60w80.003.txt,24.47377049180328,55.0,1.0,61.0,84.81967213114754,690.0,12.0
n60w80.004.txt,instances/Dumas.zip!Dumas/n60w80.004.txt,25.017486338797813,66.0,0.0,61.0,86.09836065573771,717.0,9.0
n60w80.005.txt,instances/Dumas.zip!Dumas/n60w80.005.txt,25.562295081967214,61.0,0.0,61.0,90.8688524590164,629.0,17.0
n80w20.001.txt,instances/Dumas.zip!Dumas/n80w20.001.txt,26.12037037037037,65.0,0.0,81.0,30.308641975308642,740.0,4.0
n80w20.002.txt,instances/Dumas.zip!Dumas/n80w20.002.txt,25.934876543209878,66.0,0.0,81.0,29.691358024691358,812.0,3.0
n80w20.003.txt,instances/Dumas.zip!Dumas/n80w20.003.txt,24.71635802469136,62.0,0.0,81.0,27.604938271604937,748.0,2.0
n80w20.004.txt,instances/Dumas.zip!Dumas/n80w20.004.txt,25.25030864197531,59.0,0.0,81.0,28.135802469135804,707.0,5.0
n80w20.005.txt,instances/Dumas.zip!Dumas/n80w20.005.txt,25.850617283950616,63.0,0.0,81.0,29.728395061728396,815.0,2.0
n80w40.001.txt,instances/Dumas.zip!Dumas/n80w40.001.txt,26.14753086419753,59.0,0.0,81.0,47.74074074074074,774.0,3.0
n80w40.002.txt,instances/Dumas.zip!Dumas/n80w40.002.txt,24.280246913580246,59.0,0.0,81.0,48.358024691358025,717.0,8.0
n80w40.003.txt,instances/Dumas.zip!Dumas/n80w40.003.txt,25.47716049382716,62.0,0.0,81.0,47.50617283950617,771.0,7.0
n80w40.004.txt,instances/Dumas.zip!Dumas/n80w40.004.txt,24.808641975308642,60.0,0.0,81.0,47.03703703703704,688.0,10.0
n80w40.005.txt,instances/Dumas.zip!Dumas/n80w40.005.txt,25.760185185185186,63.0,1.0,81.0,50.49382716049383,833.0,6.0
n80w60.001.txt,instances/Dumas.zip!Dumas/n80w60.001.txt,25.32932098765432,57.0,0.0,81.0,66.48148148148148,737.0,7.0
n80w60.002.txt,instances/Dumas.zip!Dumas/n80w60.002.txt,26.352777777777778,59.0,0.0,81.0,68.4320987654321,769.0,5.0
n80w60.003.txt,instances/Dumas.zip!Dumas/n80w60.003.txt,25.965432098765433,59.0,0.0,81.0,65.60493827160494,772.0,7.0
n80w60.004.txt,instances/Dumas.zip!Dumas/n80w60.004.txt,26.41172839506173,60.0,0.0,81.0,68.60493827160494,762.0,6.0
n80w60.005.txt,instances/Dumas.zip!Dumas/n80w60.005.txt,26.619444444444444,63.0,1.0,81.0,69.09876543209876,762.0,2.0
n80w80.001.txt,instances/Dumas.zip!Dumas/n80w80.001.txt,25.666975308641977,65.0,0.0,81.0,83.35802469135803,818.0,8.0
n80w80.002.txt,instances/Dumas.zip!Dumas/n80w80.002.txt,24.658333333333335,64.0,0.0,81.0,85.29629629629629,777.0,17.0
n80w80.003.txt,instances/Dumas.zip!Dumas/n80w80.003.txt,25.99135802469136,60.0,0.0,81.0,89.55555555555556,811.0,5.0
n80w80.004.txt,instances/Dumas.zip!Dumas/n80w80.004.txt,26.269753086419755,62.0,0.0,81.0,83.32098765432099,796.0,16.0
n80w80.005.txt,instances/Dumas.zip!Dumas/n80w80.005.txt,24.56141975308642,65.0,1.0,81.0,83.04938271604938,735.0,13.0
GendreauDumasExtended.zip!n100w100.001.txt,instances/GendreauDumasExtended.zip!n100w100.001.txt,26.53069306930693,62.0,0.0,101.0,107.37623762376238,897.0,21.0
GendreauDumasExtended.zip!n100w100.002.txt,instances/GendreauDumasExtended.zip!n100w100.002.txt,25.211881188118813,64.0,0.0,101.0,103.62376237623762,817.0,28.0
GendreauDumasExtended.zip!n100w100.003.txt,instances/GendreauDumasExtended.zip!n100w100.003.txt,25.36039603960396,63.0,0.0,101.0,103.86138613861387,879.0,26.0
GendreauDumasExtended.zip!n100w100.004.txt,instances/GendreauDumasExtended.zip!n100w100.004.txt,26.04970297029703,60.0,0.0,101.0,105.34653465346534,961.0,33.0
GendreauDumasExtended.zip!n100w100.005.txt,instances/GendreauDumasExtended.zip!n100w100.005.txt,24.43029702970297,64.0,0.0,101.0,107.0990099009901,857.0,33.0
GendreauDumasExtended.zip!n100w120.001.txt,instances/GendreauDumasExtended.zip!n100w120.001.txt,25.99089108910891,63.0,0.0,101.0,127.66336633663366,1089.0,65.0
GendreauDumasExtended.zip!n100w120.002.txt,instances/GendreauDumasExtended.zip!n100w120.002.txt,25.535049504950496,61.0,0.0,101.0,124.68316831683168,1031.0,53.0
GendreauDumasExtended.zip!n100w120.003.txt,instances/GendreauDumasExtended.zip!n100w120.003.txt,24.66138613861386,59.0,1.0,101.0,124.81188118811882,1033.0,60.0
GendreauDumasExtended.zip!n100w120.004.txt,instances/GendreauDumasExtended.zip!n100w120.004.txt,25.257227722772278,63.0,0.0,101.0,123.5940594059406,1038.0,56.0
GendreauDumasExtended.zip!n100w120.005.txt,instances/GendreauDumasExtended.zip!n100w120.005.txt,24.827128712871286,58.0,0.0,101.0,128.40594059405942,1009.0,76.0
GendreauDumasExtended.zip!n100w140.001.txt,instances/GendreauDumasExtended.zip!n100w140.001.txt,22.87306930693069,63.0,0.0,101.0,146.85148514851485,1150.0,59.0
GendreauDumasExtended.zip!n100w140.002.txt,instances/GendreauDumasExtended.zip!n100w140.002.txt,25.933861386138613,62.0,0.0,101.0,144.05940594059405,1148.0,81.0
GendreauDumasExtended.zip!n100w140.003.txt,instances/GendreauDumasExtended.zip!n100w140.003.txt,26.15980198019802,59.0,0.0,101.0,144.66336633663366,978.0,75.0
GendreauDumasExtended.zip!n100w140.004.txt,instances/GendreauDumasExtended.zip!n100w140.004.txt,24.676039603960398,59.0,0.0,101.0,144.27722772277227,1042.0,68.0
GendreauDumasExtended.zip!n100w140.005.txt,instances/GendreauDumasExtended.zip!n100w140.005.txt,24.458613861386137,61.0,1.0,101.0,145.8910891089109,1043.0,84.0
GendreauDumasExtended.zip!n100w160.001.txt,instances/GendreauDumasExtended.zip!n100w160.001.txt,24.535247524752474,60.0,1.0,101.0,165.62376237623764,1137.0,67.0
GendreauDumasExtended.zip!n100w160.002.txt,instances/GendreauDumasExtended.zip!n100w160.002.txt,24.287326732673268,62.0,0.0,101.0,157.3861386138614,1033.0,62.0
GendreauDumasExtended.zip!n100w160.003.txt,instances/GendreauDumasExtended.zip!n100w160.003.txt,25.854653465346534,60.0,0.0,101.0,161.8118811881188,1113.0,58.0
GendreauDumasExtended.zip!n100w160.004.txt,instances/GendreauDumasExtended.zip!n100w160.004.txt,24.503960396039602,62.0,0.0,101.0,163.58415841584159,1113.0,69.0
GendreauDumasExtended.zip!n100w160.005.txt,instances/GendreauDumasExtended.zip!n100w160.005.txt,26.63287128712871,65.0,0.0,101.0,158.63366336633663,1115.0,71.0
GendreauDumasExtended.zip!n100w80.001.txt,instances/GendreauDumasExtended.zip!n100w80.001.txt,26.53069306930693,62.0,0.0,101.0,88.13861386138613,887.0,11.0
GendreauDumasExtended.zip!n100w80.002.txt,instances/GendreauDumasExtended.zip!n100w80.002.txt,25.211881188118813,64.0,0.0,101.0,84.79207920792079,807.0,9.0
GendreauDumasExtended.zip!n100w80.003.txt,instances/GendreauDumasExtended.zip!n100w80.003.txt,25.36039603960396,63.0,0.0,101.0,85.07920792079207,869.0,6.0
GendreauDumasExtended.zip!n100w80.004.txt,instances/GendreauDumasExtended.zip!n100w80.004.txt,26.04970297029703,60.0,0.0,101.0,86.4059405940594,951.0,14.0
GendreauDumasExtended.zip!n100w80.005.txt,instances/GendreauDumasExtended.zip!n100w80.005.txt,24.43029702970297,64.0,0.0,101.0,88.2871287128713,847.0,15.0
GendreauDumasExtended.zip!n20w120.001.txt,instances/GendreauDumasExtended.zip!n20w120.001.txt,22.70952380952381,57.0,2.0,21.0,122.0952380952381,458.0,63.0
GendreauDumasExtended.zip!n20w120.002.txt,instances/GendreauDumasExtended.zip!n20w120.002.txt,21.442857142857143,49.0,1.0,21.0,127.85714285714286,368.0,74.0
GendreauDumasExtended.zip!n20w120.003.txt,instances/GendreauDumasExtended.zip!n20w120.003.txt,27.557142857142857,65.0,2.0,21.0,130.38095238095238,467.0,70.0
GendreauDumasExtended.zip!n20w120.004.txt,instances/GendreauDumasExtended.zip!n20w120.004.txt,25.70952380952381,57.0,2.0,21.0,128.33333333333334,458.0,69.0
GendreauDumasExtended.zip!n20w120.005.txt,instances/GendreauDumasExtended.zip!n20w120.005.txt,24.033333333333335,60.0,1.0,21.0,126.85714285714286,425.0,70.0
GendreauDumasExtended.zip!n20w140.001.txt,instances/GendreauDumasExtended.zip!n20w140.001.txt,21.63809523809524,52.0,2.0,21.0,136.71428571428572,345.0,76.0
GendreauDumasExtended.zip!n20w140.002.txt,instances/GendreauDumasExtended.zip!n20w140.002.txt,24.9,49.0,2.0,21.0,137.76190476190476,436.0,59.0
GendreauDumasExtended.zip!n20w140.003.txt,instances/GendreauDumasExtended.zip!n20w140.003.txt,26.409523809523808,59.0,1.0,21.0,142.66666666666666,422.0,69.0
GendreauDumasExtended.zip!n20w140.004.txt,instances/GendreauDumasExtended.zip!n20w140.004.txt,24.976190476190474,58.0,2.0,21.0,146.14285714285714,457.0,61.0
GendreauDumasExtended.zip!n20w140.005.txt,instances/GendreauDumasExtended.zip!n20w140.005.txt,26.461904761904762,62.0,1.0,21.0,134.28571428571428,384.0,65.0
GendreauDumasExtended.zip!n20w160.001.txt,instances/GendreauDumasExtended.zip!n20w160.001.txt,25.590476190476192,54.0,2.0,21.0,163.38095238095238,486.0,72.0
GendreauDumasExtended.zip!n20w160.002.txt,instances/GendreauDumasExtended.zip!n20w160.002.txt,25.69047619047619,50.0,2.0,21.0,145.1904761904762,371.0,62.0
GendreauDumasExtended.zip!n20w160.003.txt,instances/GendreauDumasExtended.zip!n20w160.003.txt,27.066666666666666,54.0,1.0,21.0,149.14285714285714,456.0,73.0
GendreauDumasExtended.zip!n20w160.004.txt,instances/GendreauDumasExtended.zip!n20w160.004.txt,22.3,48.0,1.0,21.0,161.28571428571428,426.0,70.0
GendreauDumasExtended.zip!n20w160.005.txt,instances/GendreauDumasExtended.zip!n20w160.005.txt,26.823809523809523,56.0,2.0,21.0,167.0952380952381,496.0,80.0
GendreauDumasExtended.zip!n20w180.001.txt,instances/GendreauDumasExtended.zip!n20w180.001.txt,27.752380952380953,55.0,1.0,21.0,176.71428571428572,491.0,113.0
GendreauDumasExtended.zip!n20w180.002.txt,instances/GendreauDumasExtended.zip!n20w180.002.txt,27.857142857142858,58.0,1.0,21.0,181.47619047619048,494.0,63.0
GendreauDumasExtended.zip!n20w180.003.txt,instances/GendreauDumasExtended.zip!n20w180.003.txt,25.2,51.0,2.0,21.0,176.23809523809524,477.0,86.0
GendreauDumasExtended.zip!n20w180.004.txt,instances/GendreauDumasExtended.zip!n20w180.004.txt,24.004761904761907,52.0,2.0,21.0,170.42857142857142,483.0,76.0
GendreauDumasExtended.zip!n20w180.005.txt,instances/GendreauDumasExtended.zip!n20w180.005.txt,23.266666666666666,51.0,1.0,21.0,181.0952380952381,401.0,95.0
GendreauDumasExtended.zip!n20w200.001.txt,instances/GendreauDumasExtended.zip!n20w200.001.txt,23.723809523809525,54.0,2.0,21.0,189.23809523809524,455.0,75.0
GendreauDumasExtended.zip!n20w200.002.txt,instances/GendreauDumasExtended.zip!n20w200.002.txt,23.152380952380952,49.0,1.0,21.0,193.0,396.0,112.0
GendreauDumasExtended.zip!n20w200.003.txt,instances/GendreauDumasExtended.zip!n20w200.003.txt,24.18095238095238,56.0,2.0,21.0,189.28571428571428,494.0,89.0
GendreauDumasExtended.zip!n20w200.004.txt,instances/GendreauDumasExtended.zip!n20w200.004.txt,27.438095238095237,63.0,2.0,21.0,197.61904761904762,518.0,96.0
GendreauDumasExtended.zip!n20w200.005.txt,instances/GendreauDumasExtended.zip!n20w200.005.txt,24.71904761904762,54.0,3.0,21.0,194.23809523809524,422.0,106.0
GendreauDumasExtended.zip!n40w120.001.txt,instances/GendreauDumasExtended.zip!n40w120.001.txt,29.146341463414632,60.0,0.0,41.0,126.73170731707317,597.0,66.0
GendreauDumasExtended.zip!n40w120.002.txt,instances/GendreauDumasExtended.zip!n40w120.002.txt,25.584146341463416,56.0,1.0,41.0,128.90243902439025,662.0,62.0
GendreauDumasExtended.zip!n40w120.003.txt,instances/GendreauDumasExtended.zip!n40w120.003.txt,25.71951219512195,65.0,1.0,41.0,127.5609756097561,578.0,62.0
GendreauDumasExtended.zip!n40w120.004.txt,instances/GendreauDumasExtended.zip!n40w120.004.txt,25.28780487804878,61.0,1.0,41.0,122.36585365853658,505.0,54.0
GendreauDumasExtended.zip!n40w120.005.txt,instances/GendreauDumasExtended.zip!n40w120.005.txt,27.858536585365854,63.0,1.0,41.0,127.65853658536585,589.0,65.0
GendreauDumasExtended.zip!n40w140.001.txt,instances/GendreauDumasExtended.zip!n40w140.001.txt,26.775609756097563,59.0,1.0,41.0,141.21951219512195,590.0,67.0
GendreauDumasExtended.zip!n40w140.002.txt,instances/GendreauDumasExtended.zip!n40w140.002.txt,25.258536585365853,55.0,1.0,41.0,140.6829268292683,600.0,60.0
GendreauDumasExtended.zip!n40w140.003.txt,instances/GendreauDumasExtended.zip!n40w140.003.txt,26.53780487804878,60.0,0.0,41.0,139.1951219512195,613.0,65.0
GendreauDumasExtended.zip!n40w140.004.txt,instances/GendreauDumasExtended.zip!n40w140.004.txt,23.369512195121953,50.0,1.0,41.0,140.0,575.0,72.0
GendreauDumasExtended.zip!n40w140.005.txt,instances/GendreauDumasExtended.zip!n40w140.005.txt,24.70731707317073,56.0,1.0,41.0,146.85365853658536,570.0,73.0
GendreauDumasExtended.zip!n40w160.001.txt,instances/GendreauDumasExtended.zip!n40w160.001.txt,24.828048780487805,59.0,1.0,41.0,160.2439024390244,658.0,59.0
GendreauDumasExtended.zip!n40w160.002.txt,instances/GendreauDumasExtended.zip!n40w160.002.txt,25.774390243902438,61.0,1.0,41.0,158.3170731707317,588.0,83.0
GendreauDumasExtended.zip!n40w160.003.txt,instances/GendreauDumasExtended.zip!n40w160.003.txt,25.29390243902439,58.0,0.0,41.0,155.09756097560975,570.0,85.0
GendreauDumasExtended.zip!n40w160.004.txt,instances/GendreauDumasExtended.zip!n40w160.004.txt,21.60487804878049,55.0,1.0,41.0,157.34146341463415,559.0,86.0
GendreauDumasExtended.zip!n40w160.005.txt,instances/GendreauDumasExtended.zip!n40w160.005.txt,24.79390243902439,53.0,1.0,41.0,156.1219512195122,558.0,63.0
GendreauDumasExtended.zip!n40w180.001.txt,instances/GendreauDumasExtended.zip!n40w180.001.txt,25.40487804878049,57.0,1.0,41.0,176.34146341463415,612.0,73.0
GendreauDumasExtended.zip!n40w180.002.txt,instances/GendreauDumasExtended.zip!n40w180.002.txt,25.267073170731706,58.0,0.0,41.0,182.9512195121951,622.0,78.0
GendreauDumasExtended.zip!n40w180.003.txt,instances/GendreauDumasExtended.zip!n40w180.003.txt,26.779268292682925,60.0,0.0,41.0,172.53658536585365,623.0,56.0
GendreauDumasExtended.zip!n40w180.004.txt,instances/GendreauDumasExtended.zip!n40w180.004.txt,27.220731707317075,58.0,1.0,41.0,169.21951219512195,599.0,98.0
GendreauDumasExtended.zip!n40w180.005.txt,instances/GendreauDumasExtended.zip!n40w180.005.txt,26.45,58.0,1.0,41.0,192.09756097560975,627.0,105.0
GendreauDumasExtended.zip!n40w200.001.txt,instances/GendreauDumasExtended.zip!n40w200.001.txt,25.213414634146343,57.0,0.0,41.0,199.7560975609756,632.0,96.0
GendreauDumasExtended.zip!n40w200.002.txt,instances/GendreauDumasExtended.zip!n40w200.002.txt,24.65731707317073,61.0,0.0,41.0,199.8780487804878,549.0,72.0
GendreauDumasExtended.zip!n40w200.003.txt,instances/GendreauDumasExtended.zip!n40w200.003.txt,25.43780487804878,59.0,0.0,41.0,186.41463414634146,633.0,71.0
GendreauDumasExtended.zip!n40w200.004.txt,instances/GendreauDumasExtended.zip!n40w200.004.txt,25.786585365853657,58.0,1.0,41.0,189.5121951219512,605.0,77.0
GendreauDumasExtended.zip!n40w200.005.txt,instances/GendreauDumasExtended.zip!n40w200.005.txt,24.036585365853657,50.0,1.0,41.0,192.2439024390244,586.0,69.0
GendreauDumasExtended.zip!n60w120.001.txt,instances/GendreauDumasExtended.zip!n60w120.001.txt,24.737704918032787,62.0,1.0,61.0,121.80327868852459,651.0,68.0
GendreauDumasExtended.zip!n60w120.002.txt,instances/GendreauDumasExtended.zip!n60w120.002.txt,26.5224043715847,61.0,0.0,61.0,125.09836065573771,723.0,61.0
GendreauDumasExtended.zip!n60w120.003.txt,instances/GendreauDumasExtended.zip!n60w120.003.txt,25.105464480874318,61.0,0.0,61.0,125.90163934426229,656.0,67.0
GendreauDumasExtended.zip!n60w120.004.txt,instances/GendreauDumasExtended.zip!n60w120.004.txt,26.990163934426228,60.0,1.0,61.0,124.95081967213115,734.0,63.0
GendreauDumasExtended.zip!n60w120.005.txt,instances/GendreauDumasExtended.zip!n60w120.005.txt,26.85136612021858,64.0,0.0,61.0,125.1639344262295,688.0,75.0
GendreauDumasExtended.zip!n60w140.001.txt,instances/GendreauDumasExtended.zip!n60w140.001.txt,26.404371584699454,62.0,0.0,61.0,137.52459016393442,735.0,47.0
GendreauDumasExtended.zip!n60w140.002.txt,instances/GendreauDumasExtended.zip!n60w140.002.txt,26.220765027322404,63.0,1.0,61.0,142.18032786885246,771.0,36.0
GendreauDumasExtended.zip!n60w140.003.txt,instances/GendreauDumasExtended.zip!n60w140.003.txt,25.866666666666667,62.0,1.0,61.0,145.08196721311475,769.0,38.0
GendreauDumasExtended.zip!n60w140.004.txt,instances/GendreauDumasExtended.zip!n60w140.004.txt,24.647540983606557,59.0,1.0,61.0,141.62295081967213,693.0,15.0
GendreauDumasExtended.zip!n60w140.005.txt,instances/GendreauDumasExtended.zip!n60w140.005.txt,24.67103825136612,60.0,1.0,61.0,139.91803278688525,693.0,58.0
GendreauDumasExtended.zip!n60w160.001.txt,instances/GendreauDumasExtended.zip!n60w160.001.txt,25.22622950819672,65.0,1.0,61.0,155.19672131147541,798.0,64.0
GendreauDumasExtended.zip!n60w160.002.txt,instances/GendreauDumasExtended.zip!n60w160.002.txt,27.295081967213115,66.0,1.0,61.0,163.95081967213116,809.0,68.0
GendreauDumasExtended.zip!n60w160.003.txt,instances/GendreauDumasExtended.zip!n60w160.003.txt,25.301639344262295,62.0,1.0,61.0,163.8360655737705,737.0,70.0
GendreauDumasExtended.zip!n60w160.004.txt,instances/GendreauDumasExtended.zip!n60w160.004.txt,28.191803278688525,61.0,1.0,61.0,156.8360655737705,734.0,94.0
GendreauDumasExtended.zip!n60w160.005.txt,instances/GendreauDumasExtended.zip!n60w160.005.txt,26.003278688524592,61.0,0.0,61.0,156.672131147541,747.0,62.0
GendreauDumasExtended.zip!n60w180.001.txt,instances/GendreauDumasExtended.zip!n60w180.001.txt,27.39071038251366,64.0,0.0,61.0,182.0655737704918,744.0,80.0
GendreauDumasExtended.zip!n60w180.002.txt,instances/GendreauDumasExtended.zip!n60w180.002.txt,26.360655737704917,59.0,1.0,61.0,184.59016393442624,697.0,100.0
GendreauDumasExtended.zip!n60w180.003.txt,instances/GendreauDumasExtended.zip!n60w180.003.txt,24.47377049180328,55.0,1.0,61.0,177.54098360655738,740.0,93.0
GendreauDumasExtended.zip!n60w180.004.txt,instances/GendreauDumasExtended.zip!n60w180.004.txt,25.017486338797813,66.0,0.0,61.0,177.52459016393442,767.0,60.0
GendreauDumasExtended.zip!n60w180.005.txt,instances/GendreauDumasExtended.zip!n60w180.005.txt,25.562295081967214,61.0,0.0,61.0,179.60655737704917,679.0,68.0
GendreauDumasExtended.zip!n60w200.001.txt,instances/GendreauDumasExtended.zip!n60w200.001.txt,25.17704918032787,60.0,1.0,61.0,188.55737704918033,636.0,89.0
GendreauDumasExtended.zip!n60w200.002.txt,instances/GendreauDumasExtended.zip!n60w200.002.txt,26.65573770491803,63.0,0.0,61.0,189.86885245901638,785.0,90.0
GendreauDumasExtended.zip!n60w200.003.txt,instances/GendreauDumasExtended.zip!n60w200.003.txt,24.73934426229508,54.0,0.0,61.0,197.86885245901638,701.0,83.0
GendreauDumasExtended.zip!n60w200.004.txt,instances/GendreauDumasExtended.zip!n60w200.004.txt,25.55191256830601,57.0,1.0,61.0,194.18032786885246,802.0,80.0
GendreauDumasExtended.zip!n60w200.005.txt,instances/GendreauDumasExtended.zip!n60w200.005.txt,25.17978142076503,58.0,0.0,61.0,200.29508196721312,765.0,84.0
GendreauDumasExtended.zip!n80w100.001.txt,instances/GendreauDumasExtended.zip!n80w100.001.txt,24.82901234567901,57.0,0.0,81.0,110.74074074074075,773.0,20.0
GendreauDumasExtended.zip!n80w100.002.txt,instances/GendreauDumasExtended.zip!n80w100.002.txt,24.93611111111111,61.0,0.0,81.0,98.80246913580247,806.0,14.0
GendreauDumasExtended.zip!n80w100.003.txt,instances/GendreauDumasExtended.zip!n80w100.003.txt,26.269753086419755,61.0,0.0,81.0,115.60493827160494,760.0,20.0
GendreauDumasExtended.zip!n80w100.004.txt,instances/GendreauDumasExtended.zip!n80w100.004.txt,25.557407407407407,59.0,0.0,81.0,106.62962962962963,828.0,10.0
GendreauDumasExtended.zip!n80w100.005.txt,instances/GendreauDumasExtended.zip!n80w100.005.txt,24.283024691358026,61.0,0.0,81.0,109.66666666666667,765.0,14.0
GendreauDumasExtended.zip!n80w120.001.txt,instances/GendreauDumasExtended.zip!n80w120.001.txt,26.12037037037037,65.0,0.0,81.0,125.48148148148148,790.0,56.0
GendreauDumasExtended.zip!n80w120.002.txt,instances/GendreauDumasExtended.zip!n80w120.002.txt,25.934876543209878,66.0,0.0,81.0,124.60493827160494,862.0,57.0
GendreauDumasExtended.zip!n80w120.003.txt,instances/GendreauDumasExtended.zip!n80w120.003.txt,24.71635802469136,62.0,0.0,81.0,123.34567901234568,798.0,59.0
GendreauDumasExtended.zip!n80w120.004.txt,instances/GendreauDumasExtended.zip!n80w120.004.txt,25.25030864197531,59.0,0.0,81.0,124.30864197530865,757.0,66.0
GendreauDumasExtended.zip!n80w120.005.txt,instances/GendreauDumasExtended.zip!n80w120.005.txt,25.850617283950616,63.0,0.0,81.0,125.8641975308642,865.0,58.0
GendreauDumasExtended.zip!n80w140.001.txt,instances/GendreauDumasExtended.zip!n80w140.001.txt,26.14753086419753,59.0,0.0,81.0,142.41975308641975,824.0,62.0
GendreauDumasExtended.zip!n80w140.002.txt,instances/GendreauDumasExtended.zip!n80w140.002.txt,24.280246913580246,59.0,0.0,81.0,141.46913580246914,767.0,70.0
GendreauDumasExtended.zip!n80w140.003.txt,instances/GendreauDumasExtended.zip!n80w140.003.txt,25.47716049382716,62.0,0.0,81.0,140.93827160493828,821.0,74.0
GendreauDumasExtended.zip!n80w140.004.txt,instances/GendreauDumasExtended.zip!n80w140.004.txt,24.808641975308642,60.0,0.0,81.0,140.5185185185185,738.0,66.0
GendreauDumasExtended.zip!n80w140.005.txt,instances/GendreauDumasExtended.zip!n80w140.005.txt,25.760185185185186,63.0,1.0,81.0,145.34567901234567,883.0,68.0
GendreauDumasExtended.zip!n80w160.001.txt,instances/GendreauDumasExtended.zip!n80w160.001.txt,25.32932098765432,57.0,0.0,81.0,158.50617283950618,787.0,67.0
GendreauDumasExtended.zip!n80w160.002.txt,instances/GendreauDumasExtended.zip!n80w160.002.txt,26.352777777777778,59.0,0.0,81.0,162.39506172839506,819.0,55.0
GendreauDumasExtended.zip!n80w160.003.txt,instances/GendreauDumasExtended.zip!n80w160.003.txt,25.965432098765433,59.0,0.0,81.0,158.4320987654321,822.0,62.0
GendreauDumasExtended.zip!n80w160.004.txt,instances/GendreauDumasExtended.zip!n80w160.004.txt,26.41172839506173,60.0,0.0,81.0,163.25925925925927,812.0,67.0
GendreauDumasExtended.zip!n80w160.005.txt,instances/GendreauDumasExtended.zip!n80w160.005.txt,26.619444444444444,63.0,1.0,81.0,163.23456790123456,812.0,68.0
GendreauDumasExtended.zip!n80w180.001.txt,instances/GendreauDumasExtended.zip!n80w180.001.txt,25.666975308641977,65.0,0.0,81.0,175.8148148148148,868.0,82.0
GendreauDumasExtended.zip!n80w180.002.txt,instances/GendreauDumasExtended.zip!n80w180.002.txt,24.658333333333335,64.0,0.0,81.0,177.30864197530863,827.0,90.0
GendreauDumasExtended.zip!n80w180.003.txt,instances/GendreauDumasExtended.zip!n80w180.003.txt,25.99135802469136,60.0,0.0,81.0,180.1851851851852,861.0,64.0
GendreauDumasExtended.zip!n80w180.004.txt,instances/GendreauDumasExtended.zip!n80w180.004.txt,26.269753086419755,62.0,0.0,81.0,174.08641975308643,846.0,73.0
GendreauDumasExtended.zip!n80w180.005.txt,instances/GendreauDumasExtended.zip!n80w180.005.txt,24.56141975308642,65.0,1.0,81.0,174.74074074074073,785.0,78.0
GendreauDumasExtended.zip!n80w200.001.txt,instances/GendreauDumasExtended.zip!n80w200.001.txt,24.82901234567901,57.0,0.0,81.0,202.07407407407408,823.0,92.0
GendreauDumasExtended.zip!n80w200.002.txt,instances/GendreauDumasExtended.zip!n80w200.002.txt,24.93611111111111,61.0,0.0,81.0,190.64197530864197,856.0,106.0
GendreauDumasExtended.zip!n80w200.003.txt,instances/GendreauDumasExtended.zip!n80w200.003.txt,26.269753086419755,61.0,0.0,81.0,207.02469135802468,810.0,70.0
GendreauDumasExtended.zip!n80w200.004.txt,instances/GendreauDumasExtended.zip!n80w200.004.txt,25.557407407407407,59.0,0.0,81.0,197.6172839506173,878.0,61.0
GendreauDumasExtended.zip!n80w200.005.txt,instances/GendreauDumasExtended.zip!n80w200.005.txt,24.283024691358026,61.0,0.0,81.0,200.62962962962962,815.0,64.0
OhlmannThomas.zip!n150w120.001.txt,instances/OhlmannThomas.zip!n150w120.001.txt,24.66728476821192,63.0,0.0,151.0,124.1523178807947,1089.0,65.0
OhlmannThomas.zip!n150w120.002.txt,instances/OhlmannThomas.zip!n150w120.002.txt,25.007593818984546,61.0,0.0,151.0,122.0,1031.0,53.0
OhlmannThomas.zip!n150w120.003.txt,instances/OhlmannThomas.zip!n150w120.003.txt,24.605209713024284,59.0,0.0,151.0,121.89403973509934,1033.0,60.0
OhlmannThomas.zip!n150w120.004.txt,instances/OhlmannThomas.zip!n150w120.004.txt,25.648388520971302,63.0,0.0,151.0,121.8476821192053,1038.0,56.0
OhlmannThomas.zip!n150w120.005.txt,instances/OhlmannThomas.zip!n150w120.005.txt,25.091743929359822,61.0,0.0,151.0,122.95364238410596,1009.0,60.0
OhlmannThomas.zip!n150w140.001.txt,instances/OhlmannThomas.zip!n150w140.001.txt,23.52176600441501,63.0,0.0,151.0,141.6887417218543,1150.0,59.0
OhlmannThomas.zip!n150w140.002.txt,instances/OhlmannThomas.zip!n150w140.002.txt,25.519116997792494,62.0,0.0,151.0,140.43708609271522,1148.0,56.0
OhlmannThomas.zip!n150w140.003.txt,instances/OhlmannThomas.zip!n150w140.003.txt,25.636203090507728,61.0,0.0,151.0,142.12582781456953,978.0,64.0
OhlmannThomas.zip!n150w140.004.txt,instances/OhlmannThomas.zip!n150w140.004.txt,24.61139072847682,59.0,0.0,151.0,140.66225165562915,1042.0,62.0
OhlmannThomas.zip!n150w140.005.txt,instances/OhlmannThomas.zip!n150w140.005.txt,24.78233995584989,62.0,0.0,151.0,142.11258278145695,1043.0,84.0
OhlmannThomas.zip!n150w160.001.txt,instances/OhlmannThomas.zip!n150w160.001.txt,24.669933774834437,60.0,0.0,151.0,159.89403973509934,1137.0,67.0
OhlmannThomas.zip!n150w160.002.txt,instances/OhlmannThomas.zip!n150w160.002.txt,24.16847682119205,62.0,0.0,151.0,157.04635761589404,1033.0,62.0
OhlmannThomas.zip!n150w160.003.txt,instances/OhlmannThomas.zip!n150w160.003.txt,25.30887417218543,61.0,0.0,151.0,156.6953642384106,1113.0,58.0
OhlmannThomas.zip!n150w160.004.txt,instances/OhlmannThomas.zip!n150w160.004.txt,24.621898454746137,63.0,0.0,151.0,160.7019867549669,1113.0,65.0
OhlmannThomas.zip!n150w160.005.txt,instances/OhlmannThomas.zip!n150w160.005.txt,25.710640176600442,64.0,0.0,151.0,156.52317880794703,1115.0,65.0
OhlmannThomas.zip!n200w120.001.txt,instances/OhlmannThomas.zip!n200w120.001.txt,24.510398009950247,60.0,0.0,201.0,123.01492537313433,1204.0,60.0
OhlmannThomas.zip!n200w120.002.txt,instances/OhlmannThomas.zip!n200w120.002.txt,24.568308457711442,64.0,0.0,201.0,123.07960199004975,1189.0,54.0
OhlmannThomas.zip!n200w120.003.txt,instances/OhlmannThomas.zip!n200w120.003.txt,25.45507462686567,62.0,0.0,201.0,122.7910447761194,1236.0,61.0
OhlmannThomas.zip!n200w120.004.txt,instances/OhlmannThomas.zip!n200w120.004.txt,24.73189054726368,60.0,0.0,201.0,123.05970149253731,1192.0,63.0
OhlmannThomas.zip!n200w120.005.txt,instances/OhlmannThomas.zip!n200w120.005.txt,24.713930348258707,62.0,0.0,201.0,123.05472636815921,1191.0,58.0
OhlmannThomas.zip!n200w140.001.txt,instances/OhlmannThomas.zip!n200w140.001.txt,25.05144278606965,65.0,0.0,201.0,142.82089552238807,1281.0,66.0
OhlmannThomas.zip!n200w140.002.txt,instances/OhlmannThomas.zip!n200w140.002.txt,23.796268656716418,62.0,0.0,201.0,141.80597014925374,1222.0,64.0
OhlmannThomas.zip!n200w140.003.txt,instances/OhlmannThomas.zip!n200w140.003.txt,24.767611940298508,64.0,0.0,201.0,142.1492537313433,1235.0,56.0
OhlmannThomas.zip!n200w140.004.txt,instances/OhlmannThomas.zip!n200w140.004.txt,23.65223880597015,59.0,0.0,201.0,142.43781094527364,1233.0,63.0
OhlmannThomas.zip!n200w140.005.txt,instances/OhlmannThomas.zip!n200w140.005.txt,24.76422885572139,63.0,0.0,201.0,141.93532338308458,1237.0,56.0
